{
  "pilot_seeds": [
    0,
    1,
    2,
    3,
    4
  ],
  "pilot_diffs_medium": [
    0.030000030994415283,
    -0.02499997615814209,
    0.0,
    0.0350000262260437,
    -0.009999990463256836
  ],
  "pilot_diffs_large": [
    0.014999985694885254,
    -0.014999985694885254,
    0.014999985694885254,
    0.04000002145767212,
    -0.009999990463256836
  ],
  "var_medium": 0.0006675003063680408,
  "var_large": 0.0004924999845030698,
  "std_pooled": 0.024083192177025772,
  "delta_grid": [
    0.005,
    0.01,
    0.015,
    0.02
  ],
  "power_results": {
    "0.005": 0.0,
    "0.01": 0.0402,
    "0.015": 0.5028,
    "0.02": 0.8844
  },
  "chosen_delta": 0.02,
  "power_threshold": 0.7,
  "underpowered": false,
  "n_simulations": 5000
}