{
  "n_models": 20,
  "baseline": {
    "acc_t1_mean": 0.71325,
    "acc_t3_mean": 0.9019999999999999,
    "gain_mean": 0.18875000000000003,
    "gain_sd": 0.053241783403638915
  },
  "r4_within_network_ensemble": {
    "logprod": {
      "e1_gain_mean": 0.14825,
      "residual_mean": 0.04050000000000002,
      "residual_ci_95": [
        0.013250000000000034,
        0.06925
      ],
      "ratio_e1_over_bl": 0.7854304635761588,
      "ratio_ci_95": [
        0.6679292929292929,
        0.9220963172804532
      ],
      "paired_wilcoxon_T": 41.0,
      "paired_wilcoxon_p": 0.01490020751953125
    },
    "probmean": {
      "e1_gain_mean": 0.1395,
      "residual_mean": 0.04925000000000002,
      "residual_ci_95": [
        0.020750000000000025,
        0.07850000000000003
      ],
      "ratio_e1_over_bl": 0.7390728476821191,
      "ratio_ci_95": [
        0.623406720741599,
        0.8765432098765431
      ],
      "paired_wilcoxon_T": 22.5,
      "paired_wilcoxon_p": 0.0041656494140625
    }
  },
  "supervised_upper_bounds": {
    "e3": {
      "n_valid": 20,
      "integrator_acc_t3_mean": 0.9724999999999999,
      "terminal_gap_mean": -0.07049999999999997,
      "terminal_gap_ci_95": [
        -0.09799999999999995,
        -0.04474999999999997
      ],
      "ratio_integrator_over_bl_t3": 1.078159645232816,
      "paired_wilcoxon_T": 3.0,
      "paired_wilcoxon_p_raw": 3.814697265625e-05,
      "paired_wilcoxon_p_holm_m2": 3.814697265625e-05
    },
    "e2_combiner": {
      "n_valid": 20,
      "integrator_acc_t3_mean": 0.9945,
      "terminal_gap_mean": -0.09249999999999999,
      "terminal_gap_ci_95": [
        -0.11799999999999997,
        -0.06924999999999999
      ],
      "ratio_integrator_over_bl_t3": 1.1025498891352552,
      "paired_wilcoxon_T": 0.0,
      "paired_wilcoxon_p_raw": 1.9073486328125e-06,
      "paired_wilcoxon_p_holm_m2": 3.814697265625e-06
    }
  },
  "r5_magnitude_check": {
    "c2_standard_gain_mean": -0.04024999999999999,
    "c2_normmatched_gain_mean": -0.027500000000000004,
    "cos_div_self_vs_raw_clone": 0.6476428667716541,
    "cos_div_self_vs_normmatched": 0.6407487445385492,
    "cos_div_raw_logit": 0.5976992435009257,
    "c2_normmatched_gain_ci_95": [
      -0.0725,
      0.018
    ]
  },
  "notes": {
    "mathematical_shield": "For static input, any deterministic stateless aggregator receives identical logits at every timestep, so its gain is exactly zero. The +0.042 static gain in Baseline therefore reflects dynamic trajectory evolution within the closed loop and cannot be reproduced by no-loop temporal integration in principle.",
    "e1_vs_e2_e3_split": "E1 (within-network ensemble of frozen Baseline outputs) is the DIRECT R4 comparator \u2014 it uses no extra training. E2 combiner (1000-label LR fit) and E3 (separate end-to-end-trained concat-FF) are SUPERVISED SEQUENCE UPPER BOUNDS, not pure no-loop integrators. Do NOT mix the two interpretations in writeups.",
    "multiple_comparisons": "Holm m=2 correction is applied across the two pre-specified supervised upper bounds (e3, e2_combiner). The R4 within-network comparison (E1 logprod / probmean vs Baseline gain) is reported uncorrected as it tests a single pre-specified hypothesis. Diagnostic comparisons (raw E2 logprod / probmean) are reported for transparency only and not corrected."
  }
}