{
  "0.1": {
    "bl_gain": 0.0007500022649765015,
    "e1_logprod": 0.007499998807907105,
    "residual": -0.006749996542930603,
    "p": 0.98046875,
    "n_pos": 6
  },
  "0.3": {
    "bl_gain": 0.0682500034570694,
    "e1_logprod": 0.05925000309944153,
    "residual": 0.00900000035762787,
    "p": 0.34576416015625,
    "n_pos": 11
  },
  "0.5": {
    "bl_gain": 0.14849999994039537,
    "e1_logprod": 0.1419999971985817,
    "residual": 0.0065000027418136595,
    "p": 0.9191093444824219,
    "n_pos": 10
  },
  "0.7": {
    "bl_gain": 0.15325000137090683,
    "e1_logprod": 0.1624999985098839,
    "residual": -0.009249997138977051,
    "p": 0.448455810546875,
    "n_pos": 7
  },
  "1.0": {
    "bl_gain": 0.11125000417232514,
    "e1_logprod": 0.14274999797344207,
    "residual": -0.03149999380111694,
    "p": 0.023206710815429688,
    "n_pos": 7
  },
  "low_band": {
    "residual": 0.0029166688521703077,
    "p": 0.6808567047119141,
    "n_pos": 10
  },
  "high_band": {
    "residual": -0.020374995470046998,
    "p": 0.1798572540283203
  }
}