{
  "0.1": {
    "bl_gain": 0.04375000298023224,
    "e1_logprod": 0.0027500033378601075,
    "residual": 0.04099999964237213,
    "p": 0.0078125,
    "n_pos": 8
  },
  "0.3": {
    "bl_gain": 0.10325000435113907,
    "e1_logprod": 0.06000000387430191,
    "residual": 0.04325000047683716,
    "p": 0.015350341796875,
    "n_pos": 14
  },
  "0.5": {
    "bl_gain": 0.1834999993443489,
    "e1_logprod": 0.13299999684095382,
    "residual": 0.05050000250339508,
    "p": 0.00251007080078125,
    "n_pos": 16
  },
  "0.7": {
    "bl_gain": 0.18049998879432677,
    "e1_logprod": 0.14049999564886093,
    "residual": 0.03999999314546585,
    "p": 0.017498016357421875,
    "n_pos": 14
  },
  "1.0": {
    "bl_gain": 0.11825000941753387,
    "e1_logprod": 0.12925000637769699,
    "residual": -0.010999996960163117,
    "p": 0.248870849609375,
    "n_pos": 7
  },
  "low_band": {
    "residual": 0.04491666754086812,
    "p": 0.00202178955078125,
    "n_pos": 15
  },
  "high_band": {
    "residual": 0.014499998092651368,
    "p": 0.43575096130371094
  }
}