{
  "raw_c2": -0.12150000000000001,
  "p_raw": 0.000408172607421875,
  "normmatched_c2": -0.10325,
  "p_normmatched": 0.0011653900146484375,
  "delta": 0.01825,
  "p_delta": 0.4377288818359375
}